path,sha256,bytes
.lake/build/lib/lean/CollatzClassical/KL2003/KL2003K11CertificateDataRouter.olean,545c8982d0f68aebe6b04dd6234432196c62c42c5dc6b689b8bc253ebf767878,1265480
.lake/build/lib/lean/CollatzClassical/KL2003/KL2003K11CertificateDataShard00.olean,d6df77963aaadc19c81decf41edec59be610e24195958bd0af47e808472ecd88,4190632
.lake/build/lib/lean/CollatzClassical/KL2003/KL2003K11CertificateDataShard01.olean,004eab489270e391b9b5baa654ce0430032dda8c102125ebfe66041067eb4a35,4289256
.lake/build/lib/lean/CollatzClassical/KL2003/KL2003K11CertificateDataShard02.olean,f8dc747f8032a0c2da1bc2f15d4d014bc5609dcd36045470c8ac6610bded9b2e,4295296
.lake/build/lib/lean/CollatzClassical/KL2003/KL2003K11CertificateDataShard03.olean,f3650f6fd9e69c3c405fa9682b7f6034416aeedd11c9b07ac67794c8c7a99b5a,4290320
.lake/build/lib/lean/CollatzClassical/KL2003/KL2003K11CertificateDataShard04.olean,04e0ced30a18c23f3dca94c81ceffbc45215db24003968bacc8d886d8dffa280,4293488
.lake/build/lib/lean/CollatzClassical/KL2003/KL2003K11CertificateDataShard05.olean,ca38c747eff5aa44a638abff8fbaf03fccb3a8ec91ced1755644b0c2852bc174,4285376
.lake/build/lib/lean/CollatzClassical/KL2003/KL2003K11CertificateDataShard06.olean,8449e0631f510440152aa6f88c634944183302bd11d9267f2b3b7408bda091ea,4280440
.lake/build/lib/lean/CollatzClassical/KL2003/KL2003K11CertificateDataShard07.olean,37a5a1044cd3884c6b8fee6853b911fb686e500b01b4ac4bc4d892c1b6097d70,4281232
.lake/build/lib/lean/CollatzClassical/KL2003/KL2003K11CertificateDataShard08.olean,6e7eb29e216dd2b8350a6e0b562bb5a32446553f9a113b70242e9a7c495b3c25,4287616
.lake/build/lib/lean/CollatzClassical/KL2003/KL2003K11CertificateDataShard09.olean,7a1d14dbca6eb04ebc91498619d13a3e8b40f5ff088e45922dedfc72b4ac5b95,4281800
.lake/build/lib/lean/CollatzClassical/KL2003/KL2003K11CertificateDataShard10.olean,ed0f362fd2f8ffd501fd50266416dc11b396ade1d0751be3c96658c62ac5ae34,4298760
.lake/build/lib/lean/CollatzClassical/KL2003/KL2003K11CertificateDataShard11.olean,b3eeb092579c6d9c6570e98fc4fc75a3c617d5dc03b4fbc833ff540448a5677e,4301792
.lake/build/lib/lean/CollatzClassical/KL2003/KL2003K11CertificateDataShard12.olean,f0a9401be8714ddb44e82da5816fbded918c74537669efa29050d4cffae79480,4289352
.lake/build/lib/lean/CollatzClassical/KL2003/KL2003K11CertificateDataShard13.olean,120e9ab6f26d46d055b68474df43c8fe236b40cc9383d017fb3faf44f4b8e845,4294616
.lake/build/lib/lean/CollatzClassical/KL2003/KL2003K11CertificateDataShard14.olean,f4ad864017e16c6135c151226c0b2712d637e5192280027931af7ce2fdac1f7f,4285472
.lake/build/lib/lean/CollatzClassical/KL2003/KL2003K11CertificateDataShard15.olean,942063dc72d6a243cce779d620a75ea90f8b7a02056c4c2a9b8910c307d61da7,4290976
.lake/build/lib/lean/CollatzClassical/KL2003/KL2003K11CertificateDataShard16.olean,4affe99a45bb064b88cd07566d2173f8930d0ebd59740a48c030748f0fd9b54e,4290960
.lake/build/lib/lean/CollatzClassical/KL2003/KL2003K11CertificateDataShard17.olean,8312f512aa2cf1e8c2da5bfb524d1a50b4b172f72f9d95157a8b31ddd922b445,4287040
.lake/build/lib/lean/CollatzClassical/KL2003/KL2003K11CertificateDataShard18.olean,02d59d4101c3943f19ea5d0c8b2e2b075614d7e19b499709a3749cc00fc96f63,4290392
.lake/build/lib/lean/CollatzClassical/KL2003/KL2003K11CertificateDataShard19.olean,863c6c94730b066d50d33b0ae4424502320113909ed8b0854ceeadbfa1ff22ec,4296232
.lake/build/lib/lean/CollatzClassical/KL2003/KL2003K11CertificateDataShard20.olean,24d72116858b8f10b9fa31631945ca9c4a00499d5682d434f53cb14d5fcf922e,4294456
.lake/build/lib/lean/CollatzClassical/KL2003/KL2003K11CertificateDataShard21.olean,3958b6f64de4da2dfc456dac49ff683c6f2fa3f885031b2b9500f542d5205c83,4287432
.lake/build/lib/lean/CollatzClassical/KL2003/KL2003K11CertificateDataShard22.olean,b5dd1892106be08218808520492225054ec7413f1c142888efc5e8b6691e6de7,4286392
.lake/build/lib/lean/CollatzClassical/KL2003/KL2003K11CertificateDataShard23.olean,b34c21f1cb01106557165110dced2256138489ce2625d1bd3a7e0c4ff4f1c90d,4286680
.lake/build/lib/lean/CollatzClassical/KL2003/KL2003K11CertificateDataShard24.olean,4f721c1a268bf7d09617848370d9debe19b3388af972ff7e12226efaa2c681f4,4288304
.lake/build/lib/lean/CollatzClassical/KL2003/KL2003K11CertificateDataShard25.olean,5773885d3bc8b73bcb8243ae47386c4a53b89fbb4fdfe0dbd2d95a66528aa360,4294536
.lake/build/lib/lean/CollatzClassical/KL2003/KL2003K11CertificateDataShard26.olean,9b81d4f7a7ee2c4c46695a3e5f59981e17e98de9bb432f703db04a6bca142dfc,4288544
.lake/build/lib/lean/CollatzClassical/KL2003/KL2003K11CertificateDataShard27.olean,972a8a1ff89d93e2980ddb3555c122cd45c21e7bd17e3181bf7acbcd48297377,4286160
.lake/build/lib/lean/CollatzClassical/KL2003/KL2003K11CertificateDataShard28.olean,e0f7932c3c6314f6b320aa8cbf657b413a9c80b62ff8953901f5abc396ec5883,4288336
.lake/build/lib/lean/CollatzClassical/KL2003/KL2003K11CertificateDataShard29.olean,da6974ead98a94c9b0024f06384e3fc74c207b136ae61f3bb1fd4f0ce9aa60f2,4286376
.lake/build/lib/lean/CollatzClassical/KL2003/KL2003K11CertificateDataShard30.olean,8567a89956f8d85f54b764f6d97cac84bf3f6e27e7c006ae4fe294d6e32bcdd9,4281704
.lake/build/lib/lean/CollatzClassical/KL2003/KL2003K11CertificateDataShard31.olean,219ecc2cd7897020426954d55eed52304b899426bd4bb68a2d8274e4fc9415e8,4281408
.lake/build/lib/lean/CollatzClassical/KL2003/KL2003K11CertificateDataShard32.olean,047873fdb80387d7627f99cb0155a5a0afe60bb7b766cebc4a5a178106ca84df,4290712
.lake/build/lib/lean/CollatzClassical/KL2003/KL2003K11CertificateDataShard33.olean,004901a6ec6ea0675910d8be7d80875f97a89a08fd85f245901a9a29aa378c5f,4285144
.lake/build/lib/lean/CollatzClassical/KL2003/KL2003K11CertificateDataShard34.olean,d9500863e79002ad8e3ab7dcb0c6f59c49fc6aec8f28e5be342c888d53ac1c4c,4298648
.lake/build/lib/lean/CollatzClassical/KL2003/KL2003K11CertificateDataShard35.olean,f427068daead1e87415c74c0b65cac7df18306604fd6c16bcad849c47120a616,4281544
.lake/build/lib/lean/CollatzClassical/KL2003/KL2003K11CertificateDataShard36.olean,c635ff1a99998141358f8afb050e3cb7c446cd01e32da5dc5085c493940e695d,4287216
.lake/build/lib/lean/CollatzClassical/KL2003/KL2003K11CertificateDataShard37.olean,440435d33dda876b23b8b328450e12b2437eed8380e0d9b734fc55ef4cc69315,4291760
.lake/build/lib/lean/CollatzClassical/KL2003/KL2003K11CertificateDataShard38.olean,e0728c153e1bdffc8c5e95ac6c25b5c2d101f9cec5b23bbd93d93470a05366fe,4302280
.lake/build/lib/lean/CollatzClassical/KL2003/KL2003K11CertificateDataShard39.olean,3e09bca4db40a974694b548b9d7f319b7e456cdf03892b2f4d926352b858dedf,4296192
.lake/build/lib/lean/CollatzClassical/KL2003/KL2003K11CertificateDataShard40.olean,2b812735b665bf845c1a5d3d97774c0c40af6ac6b1c1a1e84c7ddf10cb16d2da,4193056
.lake/build/lib/lean/CollatzClassical/KL2003/KL2003K11CertificateDataShard41.olean,bce397ca080ada60f02ccca906de3289dac9c1c50dc0864ebe762bf09f62fe64,4294568
.lake/build/lib/lean/CollatzClassical/KL2003/KL2003K11CertificateDataShard42.olean,2145524f5dc638c7b80c6d96728357852dcc05ddcca14a30e4272fd1cf50abae,4286120
.lake/build/lib/lean/CollatzClassical/KL2003/KL2003K11CertificateDataShard43.olean,b96d4a3d6e7cd00a4271340adfc8c037afec336db68594969d18f47e06c49daf,4290392
.lake/build/lib/lean/CollatzClassical/KL2003/KL2003K11CertificateDataShard44.olean,64f9d52ac32628b0ba4e0c96da0c24fb31684136e6ed5da8cf9eeb38c6ab1ff0,4296560
.lake/build/lib/lean/CollatzClassical/KL2003/KL2003K11CertificateDataShard45.olean,76d72b1d72732332549785203192632888a4aa38e56dea2e13a80434290d3f32,4294344
.lake/build/lib/lean/CollatzClassical/KL2003/KL2003K11CertificateDataShard46.olean,c8ee527e107b0981d0429d09e3efa6586187c2b3f755304b6767854581861dec,4285680
.lake/build/lib/lean/CollatzClassical/KL2003/KL2003K11CertificateDataShard47.olean,d3504593c729806c8d7313023f452fd7a9010e5b2c1660a39fcb2bdae82005bb,4291840
.lake/build/lib/lean/CollatzClassical/KL2003/KL2003K11CertificateDataShard48.olean,7728193bae169911747510683457ef087e875421f15160cc5f9278084e81e26b,4290688
.lake/build/lib/lean/CollatzClassical/KL2003/KL2003K11CertificateDataShard49.olean,af0fd01d2333487ccbe0e28ad3d937e3f452f7c916f1d34b7ad733ae5e875415,4284920
.lake/build/lib/lean/CollatzClassical/KL2003/KL2003K11CertificateDataShard50.olean,5760d99b53e9b6c4b6d54772bc399cf1094882965cd8fadc8f60fae40fd923a9,4287072
.lake/build/lib/lean/CollatzClassical/KL2003/KL2003K11CertificateDataShard51.olean,be6b7fb0d3ae4f537fd8172da00ee628563366852f6203323a2a7e734365c67a,4285128
.lake/build/lib/lean/CollatzClassical/KL2003/KL2003K11CertificateDataShard52.olean,8a471d27924636f1bb6364d58e77dc9b8b882baf7c13cdf8a2db6046026c72cb,4291024
.lake/build/lib/lean/CollatzClassical/KL2003/KL2003K11CertificateDataShard53.olean,cf821dd19e41bbdeba9edd3adacdf905592f1e0642eba82dc2ea537324bb5643,4283480
.lake/build/lib/lean/CollatzClassical/KL2003/KL2003K11CertificateDataShard54.olean,0922e496035e7c7a5fc1fcf8ccd501448283dd6edbeca8359cfc6be3b2389b87,4291944
.lake/build/lib/lean/CollatzClassical/KL2003/KL2003K11CertificateDataShard55.olean,1161a09984523ffce2f572096b5847559c33cfd3d7af7c553ca41af599c13852,4292720
.lake/build/lib/lean/CollatzClassical/KL2003/KL2003K11CertificateDataShard56.olean,a56fa2786e46799454191bc1077298ad0b0e55e133b9c50a6b589aaa1a60d941,4288608
.lake/build/lib/lean/CollatzClassical/KL2003/KL2003K11CertificateDataShard57.olean,4302a15a40dc5cb46f8a9767789ec0f45859316f95431544ac33dee64512d350,4284712
.lake/build/lib/lean/CollatzClassical/KL2003/KL2003K11CertificateDataShard58.olean,eacf6324476bcaedcb8f1bfea5d63181a4786c7954b33636eecc816b66688c44,4281392
.lake/build/lib/lean/CollatzClassical/KL2003/KL2003K11CertificateDataShard59.olean,d799e4fcebb31e1b0b236bf898d43dcab207e914c8bd0bc0a101702a45d1a973,4285808
.lake/build/lib/lean/CollatzClassical/KL2003/KL2003K11CertificateDataShard60.olean,c03028196b8562699f0d26d7260bcce012ca7b06d70cfb341f8570af13d1dbbc,4292752
.lake/build/lib/lean/CollatzClassical/KL2003/KL2003K11CertificateDataShard61.olean,c6854bb71cb6d96feb5ecb24b1fe9f4b862190eaa6db91116f088f2dcfe19162,4292720
.lake/build/lib/lean/CollatzClassical/KL2003/KL2003K11CertificateDataShard62.olean,1212edfe5fc3d704d286b57cb6ddbd7662da0a4b4c268771c8b29557109ee060,4284288
.lake/build/lib/lean/CollatzClassical/KL2003/KL2003K11CertificateDataShard63.olean,5fcae4a45b93c4cb08e3d6ed6d15f7d8d788ec4415a84f8f498bd56ebbc3d88c,4287632
.lake/build/lib/lean/CollatzClassical/KL2003/KL2003K11CertificateDataShard64.olean,68b4fa740fdaec186dd4282dc2c849d0a7b89bae158e79402cd37aeffc4aff8a,4287768
.lake/build/lib/lean/CollatzClassical/KL2003/KL2003K11CertificateDataShard65.olean,d19442bd95962f00872556a3293627e8c3ea0c6071ce09bb457a4bbee6002229,4295088
.lake/build/lib/lean/CollatzClassical/KL2003/KL2003K11CertificateDataShard66.olean,8e1ab909ca3246651e30cf69d92c1d08c690bf366c01eaafa9842c4393ece1ae,4302944
.lake/build/lib/lean/CollatzClassical/KL2003/KL2003K11CertificateDataShard67.olean,a7a93a552df476367706ea541ffb931415e0c0b277d9451568625b999ea44cfb,4283224
.lake/build/lib/lean/CollatzClassical/KL2003/KL2003K11CertificateDataShard68.olean,79a702e99d37b5a1850ea8aabce19751139bdae0c0b1250902ec6d1a5cb36da2,4286344
.lake/build/lib/lean/CollatzClassical/KL2003/KL2003K11CertificateDataShard69.olean,975c783ce21bf4d74cdaf19696502fba256c3a0b510b2809d0ab99d95610201c,4278480
.lake/build/lib/lean/CollatzClassical/KL2003/KL2003K11CertificateDataShard70.olean,e074aa5f25ccad57cc2cef98f27875f2c9a77e19d32dae5f4636be85cea0f963,4290536
.lake/build/lib/lean/CollatzClassical/KL2003/KL2003K11CertificateDataShard71.olean,ab0aa9f8056ba8e42efb6c64472b83d639ced402a7ddf98bea920518a064a191,4296032
.lake/build/lib/lean/CollatzClassical/KL2003/KL2003K11CertificateDataShard72.olean,e1224bcaaf891b97d82bd130623d34a76997c9fdbc32bf7ca18bdddf70ac9219,4282168
.lake/build/lib/lean/CollatzClassical/KL2003/KL2003K11CertificateDataShard73.olean,27398c24406e57fcca63081b6b2ecf4c9614c3b394599d76866a49405485d8eb,4287992
.lake/build/lib/lean/CollatzClassical/KL2003/KL2003K11CertificateDataShard74.olean,2353f98e47339383f57ce8e90e198c7386ee364f29ebca5c85a34976d380d151,4290928
.lake/build/lib/lean/CollatzClassical/KL2003/KL2003K11CertificateDataShard75.olean,77ea155ff142251faf4ed17290f88dc584bd3ba8e96eae1dfdad7507abcc70af,4297264
.lake/build/lib/lean/CollatzClassical/KL2003/KL2003K11CertificateDataShard76.olean,353e65ab55d17b542308f3136425dc10c00f63bbc294ef0d28492d97d0b0cf69,4286248
.lake/build/lib/lean/CollatzClassical/KL2003/KL2003K11CertificateDataShard77.olean,1ca162a86f126188793f2695a109adc5f7903aada00818cb19fbc627845a6d31,4294664
.lake/build/lib/lean/CollatzClassical/KL2003/KL2003K11CertificateDataShard78.olean,b98f92a38d79daf4f93fa046f00aef2865096482ea187e6215b4b7ef8b5adaf9,4285464
.lake/build/lib/lean/CollatzClassical/KL2003/KL2003K11CertificateDataShard79.olean,936913ec4cf608b04aed28ddc5b344489ceae8e51373f7d35bc0974793fe530d,4291800
.lake/build/lib/lean/CollatzClassical/KL2003/KL2003K11CertificateDataShard80.olean,ab0a59e318201b2ad0fc9ea8df2d132b1bbdbd26711849f7a0828b012d205bd5,4200632
.lake/build/lib/lean/CollatzClassical/KL2003/KL2003K11CertificateMatchAggregate.olean,187dadbfbfbe47a8dafefd5527730c460dd73e417e8a8a4de5cb853ca555d973,50840
.lake/build/lib/lean/CollatzClassical/KL2003/KL2003K11CertificateMatchAggregateAxiomAudit.olean,b360b9dbd96d10e7f7826ca576579c731ed6331509703e065ec0f8fecaaa0f55,31344
.lake/build/lib/lean/CollatzClassical/KL2003/KL2003K11CertificateMatchGroup0.olean,f599514071bd6064918779532b379a2249a04a0a24f88c3d1305e825a69b0b68,51616
.lake/build/lib/lean/CollatzClassical/KL2003/KL2003K11CertificateMatchGroup1.olean,d3241c1277b41e5647ce9a57e28004f01bee3a151d1596413f54b230686fb1d3,52224
.lake/build/lib/lean/CollatzClassical/KL2003/KL2003K11CertificateMatchGroup2.olean,3fad99a58fbb6bb76307a452fe7e40f1894749690dc5a0eabe2ec959e55c3e91,52224
.lake/build/lib/lean/CollatzClassical/KL2003/KL2003K11CertificateMatchGroup3.olean,2cc89c277bd691add058428bf8acfbde70db7e9f894bff0185ff5424b7497df1,52224
.lake/build/lib/lean/CollatzClassical/KL2003/KL2003K11CertificateMatchGroup4.olean,1594e91fe146dbac42e824ffeef236493f9c4e196229666bdcf9b49346697e01,52224
.lake/build/lib/lean/CollatzClassical/KL2003/KL2003K11CertificateMatchGroup5.olean,c5a0a16b7791ec9d9c8c5d1b9a16557db24250a510ca7e53e0bd84b133320371,52224
.lake/build/lib/lean/CollatzClassical/KL2003/KL2003K11CertificateMatchGroup6.olean,8eea6b272b881842350f62409d1d39ce672e14eddc64517f2cd9a2eee058acc8,52224
.lake/build/lib/lean/CollatzClassical/KL2003/KL2003K11CertificateMatchGroup7.olean,25473961c3a3ea74a71280f6f4826dd5c4268f7d3c998fec598ae6d5ef3b5a7d,52224
.lake/build/lib/lean/CollatzClassical/KL2003/KL2003K11CertificateMatchGroup8.olean,87320ead0c0c0f48ff290bc7bdeef04cb484491c30c8a1819872600f18d5c7ec,52224
.lake/build/lib/lean/CollatzClassical/KL2003/KL2003K11CertificateMatchShard00.olean,14bf04904bcc911def6bbbaa6927df943adaf9d7d5e2770b4aa8010ac9eea041,9439968
.lake/build/lib/lean/CollatzClassical/KL2003/KL2003K11CertificateMatchShard01.olean,159f81c9a8c83c93e80be55b3366944759f1c5887c203705ab9727d33df495ce,10282568
.lake/build/lib/lean/CollatzClassical/KL2003/KL2003K11CertificateMatchShard02.olean,76e9fdd52d62d7c48074964e657b5a4e4b09cadff985a749cea099c982749f04,10350384
.lake/build/lib/lean/CollatzClassical/KL2003/KL2003K11CertificateMatchShard03.olean,84501affd02bbf36b62d4fc1741717ecd6253e6642cdad769313aa15da4c5f30,10374600
.lake/build/lib/lean/CollatzClassical/KL2003/KL2003K11CertificateMatchShard04.olean,26a07a39fba15b08028b9210d83bdaaa18c2045eabb5c446cc91b3fb44b10615,10376360
.lake/build/lib/lean/CollatzClassical/KL2003/KL2003K11CertificateMatchShard05.olean,deda7a71c8c3ece3d9439b4b21a2182cc2452903dced2b11ad982673c1e2872f,10374696
.lake/build/lib/lean/CollatzClassical/KL2003/KL2003K11CertificateMatchShard06.olean,5f99379c7a146406aa2ee6e12fae474017e3da38b74de353af65ae4925522a70,10372664
.lake/build/lib/lean/CollatzClassical/KL2003/KL2003K11CertificateMatchShard07.olean,0a055dc14db2c8e24bc94bfcf3aa13feb2db47532b95c27352f30e6298c8cb8b,10288136
.lake/build/lib/lean/CollatzClassical/KL2003/KL2003K11CertificateMatchShard08.olean,160404da2bc69a3f19630bb9129179fd4816cc5fd1f93948ade1516a46e39ad0,10329384
.lake/build/lib/lean/CollatzClassical/KL2003/KL2003K11CertificateMatchShard09.olean,c24852ad71a366bffb6b2267bf2d35cda478341b1f203f669b3f0af31b01e9b7,10373128
.lake/build/lib/lean/CollatzClassical/KL2003/KL2003K11CertificateMatchShard10.olean,ec12e26bd526dcab444fdebb63d3f17c49387ccc277ccfba0ea440ca5f7c530f,10376152
.lake/build/lib/lean/CollatzClassical/KL2003/KL2003K11CertificateMatchShard11.olean,9862bf0ecac6d1f56bf1c2131cdd52c13e3b297f9ffc1619a915a0599c749629,10377784
.lake/build/lib/lean/CollatzClassical/KL2003/KL2003K11CertificateMatchShard12.olean,d462b34505c835b8ce874439b459a3d64c320a7cdd59d5f5b70a210b0852b097,10373688
.lake/build/lib/lean/CollatzClassical/KL2003/KL2003K11CertificateMatchShard13.olean,316327dedb2bb64cc14a0a72057c4b97a6dc9e7d73587006658a2afed8a752ed,10376424
.lake/build/lib/lean/CollatzClassical/KL2003/KL2003K11CertificateMatchShard14.olean,c61e43033c65ec6946bc035fa41325939482d6f8b08624fcfcd00072aee89e78,10301888
.lake/build/lib/lean/CollatzClassical/KL2003/KL2003K11CertificateMatchShard15.olean,77f9c66883766bb2df5d50ecc3e7b12cde206934dbcf5a995e90fbcc8f76d98a,10377672
.lake/build/lib/lean/CollatzClassical/KL2003/KL2003K11CertificateMatchShard16.olean,33267b8f046443152aefaf7665f94e771fab8eb915c2579cab177b9bbfe4aefe,10374536
.lake/build/lib/lean/CollatzClassical/KL2003/KL2003K11CertificateMatchShard17.olean,a4322da6a96db9990c7bc71d6a141fe0b355d0d41bce5a5a00e0f0bae970ef79,10375512
.lake/build/lib/lean/CollatzClassical/KL2003/KL2003K11CertificateMatchShard18.olean,8e75ecc5bafec29b2043684671eee51c099f50e53acea53437db223251e8a5e7,10374136
.lake/build/lib/lean/CollatzClassical/KL2003/KL2003K11CertificateMatchShard19.olean,c3deed6927710e2ed2833649d9cabc6a9b5e2c632be188aeee639ff17ae0df69,10322520
.lake/build/lib/lean/CollatzClassical/KL2003/KL2003K11CertificateMatchShard20.olean,c62362213efa3c7f5f2c150ea7a77455d43a56a6b7de8fa86756388625af132f,10289448
.lake/build/lib/lean/CollatzClassical/KL2003/KL2003K11CertificateMatchShard21.olean,53343093a9e26d5ca7a6328ca35a0d99bce65bd0c121fff59f1d3b6b93bf1952,10374072
.lake/build/lib/lean/CollatzClassical/KL2003/KL2003K11CertificateMatchShard22.olean,2779931a285bbcf0a52f758ff88c33ea32df410dea7acb5eea529b1691fcdb80,10304736
.lake/build/lib/lean/CollatzClassical/KL2003/KL2003K11CertificateMatchShard23.olean,cc4b2d8bff93f7b440246e58dc6eec4bee75560c7d3040ff16f93bc394e87284,10373048
.lake/build/lib/lean/CollatzClassical/KL2003/KL2003K11CertificateMatchShard24.olean,1c43346b3460cfbf02175649a6321585ed3632e486f050d965e32dad40938218,10324800
.lake/build/lib/lean/CollatzClassical/KL2003/KL2003K11CertificateMatchShard25.olean,ac34896d5b16d6831524fceb46f179e1b3fab2ddbf9aa3a28d1d546963ede340,10374984
.lake/build/lib/lean/CollatzClassical/KL2003/KL2003K11CertificateMatchShard26.olean,e4004eda7609937afb271e968ad897249f6962606d931e2dc4a8d96ce558d304,10093464
.lake/build/lib/lean/CollatzClassical/KL2003/KL2003K11CertificateMatchShard27.olean,537a037f8224be02d622fa93b1dd2c155a4f6a7ba90702819dcfec85da1d4ed1,10094936
.lake/build/lib/lean/CollatzClassical/KL2003/KL2003K11CertificateMatchShard28.olean,5d11055cd1314fc9f130b3cef2248c4640b1e9888932eaaf3ac53a3b3ff4c6de,10378288
.lake/build/lib/lean/CollatzClassical/KL2003/KL2003K11CertificateMatchShard29.olean,f2d65753566c7fb9aa918823983820c43dabff831f872444835c251cf4ab6b44,10305576
.lake/build/lib/lean/CollatzClassical/KL2003/KL2003K11CertificateMatchShard30.olean,cb4cdb99b673137659313835f3128cf38a897eeae17b815d75908c29abb5653a,10374808
.lake/build/lib/lean/CollatzClassical/KL2003/KL2003K11CertificateMatchShard31.olean,64704e82f43666943d5fa451abc0ca7b5b93b5d69a34a4981b473043a886b8b5,10376488
.lake/build/lib/lean/CollatzClassical/KL2003/KL2003K11CertificateMatchShard32.olean,0d0a18c2476ce67b2593f0343df0fccc413b76319971b9d4b694bdc188a72b6d,10375280
.lake/build/lib/lean/CollatzClassical/KL2003/KL2003K11CertificateMatchShard33.olean,597df97f8d5e454d2931d7a9042ad5cb5844a1b514ca2c08d0bfe571ab36b3e0,10371328
.lake/build/lib/lean/CollatzClassical/KL2003/KL2003K11CertificateMatchShard34.olean,86436ddbdc636bf2f25bdc774ae6dbcb1e543583d8eff16735756860ad0d9a43,10378184
.lake/build/lib/lean/CollatzClassical/KL2003/KL2003K11CertificateMatchShard35.olean,f0a839843ea431274617e670d55aef250a575097aef5f5a3b17ebf01e001f4f3,10373784
.lake/build/lib/lean/CollatzClassical/KL2003/KL2003K11CertificateMatchShard36.olean,5e9dc62eaf69d23949d49894d3655ce283f102902b81f3d3ce17e25140125fb0,10306584
.lake/build/lib/lean/CollatzClassical/KL2003/KL2003K11CertificateMatchShard37.olean,87245125048d4023e8d2a7cb6d48d224ffab2f8d366d4c3d819aa915b0c8c5da,10375416
.lake/build/lib/lean/CollatzClassical/KL2003/KL2003K11CertificateMatchShard38.olean,65f2d7bb992889e887cbf018e54e7ef1714b8a1731fe0b092623ff64ff314219,10377224
.lake/build/lib/lean/CollatzClassical/KL2003/KL2003K11CertificateMatchShard39.olean,1d0e978fcaf3a10e34cdc716a5095205a699e8da8a4f6df7986d4abe89810657,10304048
.lake/build/lib/lean/CollatzClassical/KL2003/KL2003K11CertificateMatchShard40.olean,aab6674a069835892699649aacfc6661f09961c773d9882e987f09015d6c4750,9871552
.lake/build/lib/lean/CollatzClassical/KL2003/KL2003K11CertificateMatchShard41.olean,b8cf73f1e27671c15ae9e66ea916d6a9c889b8fb816e7aa7d2079283dc34e2ee,10303672
.lake/build/lib/lean/CollatzClassical/KL2003/KL2003K11CertificateMatchShard42.olean,3fc59943ef462a346550106895283d2ccb33c75bb4a30d67296c62943cdd7b78,10376272
.lake/build/lib/lean/CollatzClassical/KL2003/KL2003K11CertificateMatchShard43.olean,18f8f0bf9ffe4f048b28a4af6c76f567f9d786ea187c7c6bbde492cdb0fecfca,10377640
.lake/build/lib/lean/CollatzClassical/KL2003/KL2003K11CertificateMatchShard44.olean,8f714922f83409867303a0abc944f3db64a989dc84c8ac47fa6c1aaa8491d134,10305952
.lake/build/lib/lean/CollatzClassical/KL2003/KL2003K11CertificateMatchShard45.olean,19056ead7d9f70b549175632ec7c1afe708dfd720f734875cdb6c73cd0d94ea9,10373960
.lake/build/lib/lean/CollatzClassical/KL2003/KL2003K11CertificateMatchShard46.olean,0cc2d78f145376111c8844e8407f82b14d0b4f7190acabaee68c0479cdb46587,10376904
.lake/build/lib/lean/CollatzClassical/KL2003/KL2003K11CertificateMatchShard47.olean,b7a084938dd9686277aebfd102f2824415ee8df7827f94987761627dff3fd050,10377560
.lake/build/lib/lean/CollatzClassical/KL2003/KL2003K11CertificateMatchShard48.olean,9ca86631d90a870bc5cc7a7e84c38209cb1bd58a3a395ad0b24bb97375870516,10377528
.lake/build/lib/lean/CollatzClassical/KL2003/KL2003K11CertificateMatchShard49.olean,4f496b6de99452cf51f8fa472f7b8305a2ff99f190bb2a2d0c5d14ca05f41568,10370632
.lake/build/lib/lean/CollatzClassical/KL2003/KL2003K11CertificateMatchShard50.olean,ee490cd296be089b8c3716c56e85af603c9b27342e7faa8979d09e40e6d18465,10373136
.lake/build/lib/lean/CollatzClassical/KL2003/KL2003K11CertificateMatchShard51.olean,12eee5ce5b598070591a89a525f303e0b9cb00719df971b2ad6efd73cfb1df50,10304056
.lake/build/lib/lean/CollatzClassical/KL2003/KL2003K11CertificateMatchShard52.olean,32e67a992facab78f61faedf961ccf463807acf897b8199edb53cb2bdc40e373,10372608
.lake/build/lib/lean/CollatzClassical/KL2003/KL2003K11CertificateMatchShard53.olean,586d1492ad57725dbd20a1aea02dc4481ac6dc33131770c42bf03b268b2f8a59,10097368
.lake/build/lib/lean/CollatzClassical/KL2003/KL2003K11CertificateMatchShard54.olean,ef99c82d9117f0b9e9c234dab568c060d5d9c2e4e62a7bde17b982d953d87bc4,10095160
.lake/build/lib/lean/CollatzClassical/KL2003/KL2003K11CertificateMatchShard55.olean,aa4e96f33c9c6d739a208cdb49ecdc6acdd6a795163eb5c8892a217dd5bf82da,10373992
.lake/build/lib/lean/CollatzClassical/KL2003/KL2003K11CertificateMatchShard56.olean,81fd748d26da57ec2bd51aeedc4105cce3173e1a60e7e80092a03534f16d636b,10331264
.lake/build/lib/lean/CollatzClassical/KL2003/KL2003K11CertificateMatchShard57.olean,8638ba97525aebeeb61f88e3ff4875b0759ac8aa18c75773b791bd38beba9ef4,10372112
.lake/build/lib/lean/CollatzClassical/KL2003/KL2003K11CertificateMatchShard58.olean,bb6d5be9c3e3bf3beb59638af8fdc0d18f09976b5089cdb0da524830088b47a5,10300816
.lake/build/lib/lean/CollatzClassical/KL2003/KL2003K11CertificateMatchShard59.olean,08cc91de217950bd9b90b7788756d90f672e66f767baf47fa47292e29bf21dbb,10376832
.lake/build/lib/lean/CollatzClassical/KL2003/KL2003K11CertificateMatchShard60.olean,e5de3c2ef3d8ade365c4680004b05356baff4e8b6a2b7f852660bb70e49d6262,10280848
.lake/build/lib/lean/CollatzClassical/KL2003/KL2003K11CertificateMatchShard61.olean,c59d759fce9b533ed3d57dbcd1d7f64fa196c8b06726fd3a6f74b2f3d079a6c8,10329720
.lake/build/lib/lean/CollatzClassical/KL2003/KL2003K11CertificateMatchShard62.olean,43bf56d3339d6439466fed4af9558ba0ecaa844584755a2283113ada33207448,10373488
.lake/build/lib/lean/CollatzClassical/KL2003/KL2003K11CertificateMatchShard63.olean,0644558c53b78b8a8bdf399888d4375ddbf1e7cd5112103b9facfb6b4948d0fc,10375760
.lake/build/lib/lean/CollatzClassical/KL2003/KL2003K11CertificateMatchShard64.olean,b2c378374a36e4558964e2754b9e4855d3564da23146318258d41349a066671e,10378344
.lake/build/lib/lean/CollatzClassical/KL2003/KL2003K11CertificateMatchShard65.olean,4ba44600e8272750487254b55804acb75bb1092bbdde3ae056a6dbc946b1200d,10376720
.lake/build/lib/lean/CollatzClassical/KL2003/KL2003K11CertificateMatchShard66.olean,677783db5bf1a5acee33df1ea3dd85c84417f077118b092d736beb0604b81c3b,10304552
.lake/build/lib/lean/CollatzClassical/KL2003/KL2003K11CertificateMatchShard67.olean,88024d2907cb80cc5c5453fa64dbc6d5235feee180c92523c4386ee542537ea0,10372568
.lake/build/lib/lean/CollatzClassical/KL2003/KL2003K11CertificateMatchShard68.olean,bb9036150c4c6b872e298dd1ae833176274ef8ca34da021a6adb2fc6911494bd,10372904
.lake/build/lib/lean/CollatzClassical/KL2003/KL2003K11CertificateMatchShard69.olean,656d1ce57d7172c16eaf93412dc05255dcdc7a57835a28196067ffcb83c0eec3,10375000
.lake/build/lib/lean/CollatzClassical/KL2003/KL2003K11CertificateMatchShard70.olean,f7ffe61ab48bf8f11acea99babecf3d281da22ac018471e4b886696e1f770a17,10373360
.lake/build/lib/lean/CollatzClassical/KL2003/KL2003K11CertificateMatchShard71.olean,14fa624431e74d36b4fbf29ae5dc4baf2ecccbfb74070e8b6380bee4f5c40163,10376048
.lake/build/lib/lean/CollatzClassical/KL2003/KL2003K11CertificateMatchShard72.olean,94e3c181d1a5ec915163d4189989ecd76f71fff28c36d9cfd0514252633d4687,10324336
.lake/build/lib/lean/CollatzClassical/KL2003/KL2003K11CertificateMatchShard73.olean,da230715030a315805a4a6538c9632ba39ec909be0e87688bfe7b64d2e1b7ac9,10282656
.lake/build/lib/lean/CollatzClassical/KL2003/KL2003K11CertificateMatchShard74.olean,e213398ec58529858d6d20a1fdb63d6b1815ddb1b821d461d5940bc6a44d47cd,10378616
.lake/build/lib/lean/CollatzClassical/KL2003/KL2003K11CertificateMatchShard75.olean,8161322a61edba8490c9cf27143382fbc5b73c3f737f40cd931cdf62d2ea6781,10374688
.lake/build/lib/lean/CollatzClassical/KL2003/KL2003K11CertificateMatchShard76.olean,775b1bcd1ac30e2b9f32990be80c1c0c55b300f683c059139e00a956644d1326,10374592
.lake/build/lib/lean/CollatzClassical/KL2003/KL2003K11CertificateMatchShard77.olean,0153c5a7758f2ade075ddf31522452383cc3423891bc926bac94d427d29f0af3,10375960
.lake/build/lib/lean/CollatzClassical/KL2003/KL2003K11CertificateMatchShard78.olean,cd381d14cd5f50ff7e578753f9167e425cebfe8966304dd761297d3543240c31,10350304
.lake/build/lib/lean/CollatzClassical/KL2003/KL2003K11CertificateMatchShard79.olean,65682f80158bf6bf02841174ed2f20e09eb5b072445eb2c69b55b63f909f9bf4,10277320
.lake/build/lib/lean/CollatzClassical/KL2003/KL2003K11CertificateMatchShard80.olean,f765bc1dabcfdcfe7902409c7d2179aac3557331eef6b099bbb6cc27e1a91003,9525448
outputs/KL2003_K11_REAL_LEAN_CHECKER_v1/checker_shard_measurements.csv,86b487b176d6acefc8c5ffab5af91edf250d23f4ef2d3322bfe39622548960bd,14416
outputs/KL2003_K11_REAL_LEAN_CHECKER_v1/post_checker_measurements.csv,c905dd2da2c2fb4c3372fdcab8fedeaa29f094f3c0612bfc490a9d65059c0765,2586
outputs/KL2003_K11_REAL_LEAN_CHECKER_v1/build_summary.json,85a879b56626e47050cfcfa7423663bfcfac992a87cbe0bab9d3e69110e32685,1016
